,Unnamed: 0.1,Unnamed: 0,comment_body,subreddit,comment_clean,original_cluster,subcluster,sample_type
0,28133,28133,"It already exists.  Its the way a pipe organ works.

[https://en.wikipedia.org/wiki/Pipe\_organ](https://en.wikipedia.org/wiki/Pipe_organ)",r/ChatGPT,exist way pipe organ work,0,4,orig_cluster
1,49631,13888, I use chat gpt all the time for work and itâ€™s pretty much the only way we can get anything done. If they start charging for it Iâ€™m fucked,r/technology,use chat gpt time work pretty way start charge fuck,0,3,orig_cluster
2,3675,3675,"In order to prevent multiple repetitive comments, this is a friendly request to /u/yesthisisjoe to reply to this comment with the prompt they used so other users can experiment with it as well.

  ###While you're here, we have a [public discord server now](https://discord.gg/NuefU36EC2) â€” We have a free GPT bot on discord for everyone to use!


*I am a bot, and this action was performed automatically. Please [contact the moderators of this subreddit](/message/compose/?to=/r/ChatGPT) if you have any questions or concerns.*",r/ChatGPT,order prevent multiple repetitive comment friendly request yesthisisjoe reply comment prompt user experiment public discord server free gpt bot discord use bot action perform automatically contact moderator chatgpt question concern,1,-1,orig_cluster
3,27039,27039,"In order to prevent multiple repetitive comments, this is a friendly request to /u/PlzSir to reply to this comment with the prompt they used so other users can experiment with it as well.

  ###While you're here, we have a [public discord server now](https://discord.gg/NuefU36EC2) â€” We have a free GPT bot on discord for everyone to use!


*I am a bot, and this action was performed automatically. Please [contact the moderators of this subreddit](/message/compose/?to=/r/ChatGPT) if you have any questions or concerns.*",r/ChatGPT,order prevent multiple repetitive comment friendly request plzsir reply comment prompt user experiment public discord server free gpt bot discord use bot action perform automatically contact moderator chatgpt question concern,1,-1,orig_cluster
4,1369,1369,"In order to prevent multiple repetitive comments, this is a friendly request to /u/illuminatus235 to reply to this comment with the prompt they used so other users can experiment with it as well.

  ###While you're here, we have a [public discord server now](https://discord.gg/NuefU36EC2)


*I am a bot, and this action was performed automatically. Please [contact the moderators of this subreddit](/message/compose/?to=/r/ChatGPT) if you have any questions or concerns.*",r/ChatGPT,order prevent multiple repetitive comment friendly request reply comment prompt user experiment public discord server bot action perform automatically contact moderator chatgpt question concern,2,-1,orig_cluster
5,3948,3948,"In order to prevent multiple repetitive comments, this is a friendly request to /u/austinswagger to reply to this comment with the prompt they used so other users can experiment with it as well.

  ###While you're here, we have a [public discord server now](https://discord.gg/NuefU36EC2)


*I am a bot, and this action was performed automatically. Please [contact the moderators of this subreddit](/message/compose/?to=/r/ChatGPT) if you have any questions or concerns.*",r/ChatGPT,order prevent multiple repetitive comment friendly request austinswagger reply comment prompt user experiment public discord server bot action perform automatically contact moderator chatgpt question concern,2,-1,orig_cluster
6,12393,12393,"I am FAR from being the most geeky tech lover, I don't even use excel properly, my old phone can't even update whatsapp and I have no idea about coding but I definitely see what this chat implies and I am definitely overwhelmed. 2023 is going to be very very weird",r/ChatGPT,far geeky tech lover use excel properly old phone update whatsapp idea code definitely chat imply definitely overwhelmed go weird,0,0,subcluster
7,35639,4906,"Actually the opposite.  chatGPT is trained to appear credible, not to be credible (a much harder task).  All this is created is loads of junk articles on the internet and make the task of filtering through all the crap out there harder.",r/Futurology,actually opposite chatgpt train appear credible credible hard task create load junk article internet task filter crap hard,0,0,subcluster
8,36055,312,"I was always told this why employers care about having a degree. Itâ€™s not the degree itself so much for most entry level positions, itâ€™s the proof that theyâ€™re responsible enough to follow through with the process of getting it.",r/technology,tell employer care have degree degree entry level position proof responsible follow process get,0,1,subcluster
9,19644,19644,"Interesting how it compares to the actual country specific trend. I'm guessing that China's search traffic is so huge that even with this much of a drop off from their original spike they still show up at the top with a 100 compared to other countries - idk how the weighting here actually works though so...

That drop off is most likely due to government and app(e.g. WeChat) specific bans on AI / ChatGPT specifically.

Israel(light blue line) on the other hand is at a new high - Nepal's chart wasn't as interesting, though they are also trending up.

Is there any way to compare country results within Google Trends? I had to overlay screenshots for the comparison. 

https://preview.redd.it/qn2ly07zxwba1.png?width=1483&format=png&auto=webp&v=enabled&s=4d2cf84d26211e355d18b87236be6c39f7b06e8d",r/ChatGPT,interesting compare actual country specific trend guess china search traffic huge drop original spike compare country idk weighting actually work drop likely government wechat specific ban ai chatgpt specifically blue line hand new high nepal chart interesting trend way compare country result google trend overlay screenshot comparison,0,1,subcluster
10,36936,1193,"So, last semester, I was struggling to write a section of a paper. I asked chatGPT to write me a basic outline for that particular section of that type of paper. It output a basic, one page outline, and I used that as a base, and built it into an actual narrative. 

What Iâ€™m saying is, itâ€™s a tool, and when used responsibly, can be incredibly helpful.

EDIT to add: this wasnâ€™t a basic book report paper. It was a graduate nursing paper on a pretty niche thing.

EDIT2: seems like a lot of people feel like I was cheating. Iâ€™m sorry you feel that way, but the truth is, I used it to outline maybe 1 to 2 pages of a 26 page research paper.",r/technology,semester struggle write section paper ask chatgpt write basic outline particular section type paper output basic page outline base build actual narrative say tool responsibly incredibly helpful edit add basic book report paper graduate nursing paper pretty niche thing like lot people feel like cheat sorry feel way truth outline maybe page page research paper,0,2,subcluster
11,40145,4402,"When 30 students are writing the same paper and itâ€™s the 10th year you asked for the same paper, do you really expect fresh critical thinking and originality?",r/technology,student write paper year ask paper expect fresh critical thinking originality,0,2,subcluster
12,49681,13938,The ONE subscription service I would actually love to pay for,r/technology,subscription service actually love pay,0,3,subcluster
13,25590,25590,Both (I use voice search on Win 11 browsers all the time as I am working with my hands),r/ChatGPT,use voice search win browser time work hand,0,3,subcluster
14,12947,12947,"> AI can correct spelling errors using language rules learned from text.

Ok dammit.  All the way.

""AI can spell-check using learned language rules.""

""AI spell-checks using learned rules.""

""AI spell-checks using rules.""

""AI spell-checks.""

Write above using emoji.

ğŸ¤–ğŸ”ğŸ“ğŸ“‹ğŸ“

What does ğŸ¤–ğŸ”ğŸ“ğŸ“‹ğŸ“ mean?

The emojis you've provided spell out ""AI checks spelling of documents.""",r/ChatGPT,ai correct spelling error language rule learn text ok dammit way ai spell check learn language rule ai spell check learn rule ai spell check rule ai spell check write emoji mean emoji provide spell ai check spelling document,0,4,subcluster
15,38504,2761,"I'm pretty sure that chess players are still doing fine, even though chess is ""solved"" by AI. It's really not a strong argument - chess engines passed human potential in the late 90s and there have literally never been more people playing chess, both professionally and on an amateur basis.

The same thing is likely to happen in other areas - we understand that the AI is there if we need a superior quality product, one that values perfection over everything else, but if what we value is the human qualities of it, then we'll choose those as appropriate. The sort of work that AI kills is the drudgery, not the inspired top quality.

I'm a potter, and there's no way I can compete with industrial slipcast production, it's so far above and beyond what an individual can do that it's laughable. But there are qualities to the work that I produce that are different and desirable in their own right, qualities that are inherent in the flawed and manual nature of the production process I use.

Obviously there are a lot of industries that collapsed when industrialization took over - you don't see a lot of hand tailored clothing any more, for example - but that doesn't mean that writing as an occupation is going to be obsolete.",r/technology,pretty sure chess player fine chess solve ai strong argument chess engine pass human potential late literally people play chess professionally amateur basis thing likely happen area understand ai need superior quality product value perfection value human quality choose appropriate sort work ai kill drudgery inspired quality potter way compete industrial slipcast production far individual laughable quality work produce different desirable right quality inherent flawed manual nature production process use obviously lot industry collapse industrialization take lot hand tailor clothing example mean write occupation go obsolete,0,4,subcluster
